{
  "rmse": 524.2205364224308,
  "mae": 421.33975406568885,
  "r2": 0.5648289531764368,
  "mape": 1.6610573632127374,
  "accuracy": 98.33894263678727,
  "direction_accuracy": 56.41025641025641
}